Template Name,Subject Line,Message Body
Gentle Reminder,Follow?up on {chemicals_query},"I wanted to kindly follow up on my earlier request regarding {chemicals_query}. Could you please share your quotation at your earliest convenience?

Best regards,
[Your Name]"
Polite Check?In,Checking in – {chemicals_query},"Just checking in to see if you had a chance to review our inquiry for {chemicals_query}. We’d appreciate your response so we can proceed with planning.

Thanks,
[Your Name]"
Friendly Nudge,Quick Reminder – {chemicals_query},"Hope you’re doing well. I wanted to remind you of our request for {chemicals_query}. Looking forward to your offer.

Best,
[Your Name]"
Professional Follow?Up,Follow?Up Request – {chemicals_query},"This is a follow?up to our earlier communication regarding {chemicals_query}. Please share your quotation and terms at the earliest.

Sincerely,
[Your Name]"
Urgent Reminder,Urgent Response Needed – {chemicals_query},"We urgently require your quotation for {chemicals_query}. Kindly prioritize this request and send your offer as soon as possible.

Thank you,
[Your Name]"
Second Request,Second Request – {chemicals_query},"This is our second request for {chemicals_query}. We value your partnership and hope to receive your quotation promptly.

Warm regards,
[Your Name]"
Appreciative Reminder,Gentle Reminder – {chemicals_query},"We truly appreciate your support. At present, we are awaiting your quotation for {chemicals_query}. Your timely response will help us move forward.

Best regards,
[Your Name]"
Deadline Reminder,Response Needed by [Date] – {chemicals_query},"As we are finalizing procurement decisions soon, we kindly request your quotation for {chemicals_query} by [insert deadline].

Regards,
[Your Name]"
Collaborative Reminder,Looking Forward to Your Offer – {chemicals_query},"We are eager to collaborate on {chemicals_query}. Please share your quotation so we can explore this opportunity together.

Best regards,
[Your Name]"
Final Reminder,Final Reminder – {chemicals_query},"This is a final reminder regarding our request for {chemicals_query}. If we do not receive your quotation shortly, we will proceed with alternative suppliers.

Sincerely,
[Your Name]"
